{"precision": 0.7602563167370514, "recall": 0.7563501566658924, "f1": 0.7558335812263626, "acc": 0.7505045408678103}