{"precision": 0.7546151001591023, "recall": 0.7469318190892164, "f1": 0.7466975161697484, "acc": 0.7412358133669609}