{"acc": 0.6335435056746532, "f1": 0.6566992311695735, "precision": 0.742637453937031, "recall": 0.725427568091963}