{"acc": 0.6153846153846154, "f1": 0.6435437708326724, "precision": 0.7325147929849121, "recall": 0.7173025980671949}