{"acc": 0.751765893037336, "f1": 0.7570646594594542, "precision": 0.7626508920983244, "recall": 0.7540758484570883}