{"acc": 0.7328456104944501, "f1": 0.7383237612614231, "precision": 0.7495224102319393, "recall": 0.7353620044559092}