{"acc": 0.5813366960907944, "f1": 0.5970802769060181, "precision": 0.6481718895240545, "recall": 0.6619660092125498}