{"acc": 0.587641866330391, "f1": 0.5931105540366604, "precision": 0.6095133111797751, "recall": 0.6403425635041656}