{"acc": 0.6098360655737705, "f1": 0.6307847562109719, "precision": 0.683339921223295, "recall": 0.6707771687376747}