{"acc": 0.4426229508196721, "f1": 0.33055695985904, "precision": 0.30048976982097186, "recall": 0.39867639261971055}