{"acc": 0.5894073139974779, "f1": 0.5917453724731803, "precision": 0.5972954621001395, "recall": 0.620682285307862}