{"acc": 0.5790668348045397, "f1": 0.5852708383603883, "precision": 0.6053890224547273, "recall": 0.6288122791641416}