{"acc": 0.7762925598991173, "f1": 0.7648430807386665, "precision": 0.7756255001055726, "recall": 0.7563880015289114}