{"acc": 0.7689785624211853, "f1": 0.7564901817606096, "precision": 0.7714113976680652, "recall": 0.745364518318139}