{"acc": 0.7515136226034309, "f1": 0.7552988307490139, "precision": 0.7659244858093999, "recall": 0.7535919215328409}