{"acc": 0.7654476670870114, "f1": 0.785971052507199, "precision": 0.8132987248752421, "recall": 0.8387083231237188}