{"acc": 0.6958385876418663, "f1": 0.7171604617647912, "precision": 0.7711622550678657, "recall": 0.7896302893077985}