{"acc": 0.7798234552332913, "f1": 0.7996640972634692, "precision": 0.8240756041636654, "recall": 0.846678256414851}