{"precision": 0.7535876994311196, "recall": 0.7556907532541962, "f1": 0.7483594119370377, "acc": 0.7404791929382093}