{"precision": 0.7513788590587742, "recall": 0.7556225534258102, "f1": 0.7466092376703335, "acc": 0.7402269861286255}